[
  { "inputs": [{ "internalType": "address", "name": "user", "type": "address" }], "name": "whitelist", "outputs": [], "stateMutability": "nonpayable", "type": "function" },
  { "inputs": [{ "internalType": "address", "name": "to", "type": "address" }, { "internalType": "uint256", "name": "amount", "type": "uint256" }], "name": "mint", "outputs": [], "stateMutability": "nonpayable", "type": "function" },
  { "inputs": [{ "internalType": "address", "name": "user", "type": "address" }], "name": "isWhitelisted", "outputs": [{ "internalType": "bool", "name": "", "type": "bool" }], "stateMutability": "view", "type": "function" }
]